effect_level,xgb_auc,avg_d
Very Weak,0.9623470092621419,0.2
Weak (Base),0.970962069822301,0.4
Moderate,0.9795917240935434,0.6
Strong,0.9923816150672957,0.8
Very Strong,0.9992756467633395,1.0
